Producto;Código producto;Partida;Depósito;Stock:cant.1;Unidad ppal;Moneda del producto;Cotización;Familia;Estadopartida;Cantidadgestionar
INSUMOS  EQUIPO RIEGO   ;INSUMOS EQUIPO RIEGO   ;"ABRAZADERA INOXIDABLE 6 5/8"" 991087 M52";TALLER FINCA TOLLOCHE;19.000.000;Unidades;Dolares;14.790.000;EQUIPOS DE RIEGO;;
INSUMOS  EQUIPO RIEGO   ;INSUMOS EQUIPO RIEGO   ;CAJA ELECTRICA INTERMEDIA 1811698 M52;TALLER FINCA TOLLOCHE;20.000.000;Unidades;Dolares;14.790.000;EQUIPOS DE RIEGO;;
INSUMOS  EQUIPO RIEGO   ;INSUMOS EQUIPO RIEGO   ;TAPA SELLO DE DRENAJE 232004 M28;TALLER FINCA TOLLOCHE;9.000.000;Unidades;Dolares;14.790.000;EQUIPOS DE RIEGO;;
INSUMOS  EQUIPO RIEGO   ;INSUMOS EQUIPO RIEGO   ;TAPA DE CAJA ELECTRICA 9311146 M28;TALLER FINCA TOLLOCHE;36.000.000;Unidades;Dolares;14.790.000;EQUIPOS DE RIEGO;;
INSUMOS  EQUIPO RIEGO   ;INSUMOS EQUIPO RIEGO   ;CUELLO DE CISNE M ESPIGA 3/4 246222 M47;TALLER FINCA TOLLOCHE;125.000.000;Unidades;Dolares;14.790.000;EQUIPOS DE RIEGO;;
INSUMOS  EQUIPO RIEGO   ;INSUMOS EQUIPO RIEGO   ;SELLO MECANICO SFJ48FF3V PARA EJE 76.20MM M61;TALLER FINCA TOLLOCHE;1.000.000;Unidades;Dolares;14.790.000;EQUIPOS DE RIEGO;;
INSUMOS  EQUIPO RIEGO   ;INSUMOS EQUIPO RIEGO   ;CARGADOR PORTATIL M10;TALLER FINCA TOLLOCHE;2.000.000;Unidades;Dolares;14.790.000;EQUIPOS DE RIEGO;;
INSUMOS  EQUIPO RIEGO   ;INSUMOS EQUIPO RIEGO   ;CORREA 3148886 R30;TALLER FINCA TOLLOCHE;1.000.000;Unidades;Dolares;14.790.000;EQUIPOS DE RIEGO;;
INSUMOS  EQUIPO RIEGO   ;INSUMOS EQUIPO RIEGO   ;ENTRERROSCA 3/4 M42;TALLER FINCA TOLLOCHE;213.000.000;Unidades;Dolares;14.790.000;EQUIPOS DE RIEGO;;
INSUMOS  EQUIPO RIEGO   ;INSUMOS EQUIPO RIEGO   ;CORREA B90 M71;TALLER FINCA TOLLOCHE;2.000.000;Unidades;Dolares;14.790.000;EQUIPOS DE RIEGO;;
INSUMOS  EQUIPO RIEGO   ;INSUMOS EQUIPO RIEGO   ;ASPERSOR KOMET M01TWISTER BLACK KPT36;TALLER FINCA TOLLOCHE;487.000.000;Unidades;Dolares;14.790.000;EQUIPOS DE RIEGO;;
INSUMOS  EQUIPO RIEGO   ;INSUMOS EQUIPO RIEGO   ;ASPERSOR KOMET 180° ROTATIVO KPTPC M01;TALLER FINCA TOLLOCHE;64.000.000;Unidades;Dolares;14.790.000;EQUIPOS DE RIEGO;;
INSUMOS  EQUIPO RIEGO   ;INSUMOS EQUIPO RIEGO   ;BOQUILLA KOMET KNZZ M01;TALLER FINCA TOLLOCHE;529.000.000;Unidades;Dolares;14.790.000;EQUIPOS DE RIEGO;;
INSUMOS  EQUIPO RIEGO   ;INSUMOS EQUIPO RIEGO   ;MANGUERA FLEXIBLE 3/4 111-H3RA250 M47;TALLER FINCA TOLLOCHE;4.000.000;Unidades;Dolares;14.790.000;EQUIPOS DE RIEGO;;
INSUMOS  EQUIPO RIEGO   ;INSUMOS EQUIPO RIEGO   ;MOTORREDUCTOR 1-1/2 HP30:1 241-168101B M47;TALLER FINCA TOLLOCHE;0.000000;Unidades;Dolares;14.790.000;EQUIPOS DE RIEGO;;
INSUMOS  EQUIPO RIEGO   ;INSUMOS EQUIPO RIEGO   ;MOTORREDUCTOR HORIZONTAL 03E4752 M02;TALLER FINCA TOLLOCHE;2.000.000;Unidades;Dolares;14.790.000;EQUIPOS DE RIEGO;;
INSUMOS  EQUIPO RIEGO   ;INSUMOS EQUIPO RIEGO   ;MAZA FIJA DOBLE 1703321 M03;TALLER FINCA TOLLOCHE;1.000.000;Unidades;Dolares;14.790.000;EQUIPOS DE RIEGO;;
INSUMOS  EQUIPO RIEGO   ;INSUMOS EQUIPO RIEGO   ; CORONA 1700868 M03;TALLER FINCA TOLLOCHE;66.000.000;Unidades;Dolares;14.790.000;EQUIPOS DE RIEGO;;
INSUMOS  EQUIPO RIEGO   ;INSUMOS EQUIPO RIEGO   ; CABLE CINTA 20 PINES 1813249 M11;TALLER FINCA TOLLOCHE;2.000.000;Unidades;Dolares;14.790.000;EQUIPOS DE RIEGO;;
INSUMOS  EQUIPO RIEGO   ;INSUMOS EQUIPO RIEGO   ;TAPA DE CAJA 1702056 M28;TALLER FINCA TOLLOCHE;85.000.000;Unidades;Dolares;14.790.000;EQUIPOS DE RIEGO;;
INSUMOS  EQUIPO RIEGO   ;INSUMOS EQUIPO RIEGO   ;"ABRAZADERA CINTA 8"" CABLE EJE DE TORRE 271024 M47";TALLER FINCA TOLLOCHE;0.000000;Unidades;Dolares;14.790.000;EQUIPOS DE RIEGO;;
INSUMOS  EQUIPO RIEGO   ;INSUMOS EQUIPO RIEGO   ;TAPA DE CAJA NEGRA 1750812 M28;TALLER FINCA TOLLOCHE;4.000.000;Unidades;Dolares;14.790.000;EQUIPOS DE RIEGO;;
INSUMOS  EQUIPO RIEGO   ;INSUMOS EQUIPO RIEGO   ;BOQUILLA N°20 601691 M67;TALLER FINCA TOLLOCHE;0.000000;Unidades;Dolares;14.790.000;EQUIPOS DE RIEGO;;
INSUMOS  EQUIPO RIEGO   ;INSUMOS EQUIPO RIEGO   ;BOQUILLA N°20.5 601692 M67;TALLER FINCA TOLLOCHE;0.000000;Unidades;Dolares;14.790.000;EQUIPOS DE RIEGO;;
INSUMOS  EQUIPO RIEGO   ;INSUMOS EQUIPO RIEGO   ;"TORNILLO 3/4 X 1"" 3/4 161139 M28";TALLER FINCA TOLLOCHE;25.000.000;Unidades;Dolares;14.790.000;EQUIPOS DE RIEGO;;
INSUMOS  EQUIPO RIEGO   ;INSUMOS EQUIPO RIEGO   ;TUERCA AUTOFRENANTE 3/4 133011 M28;TALLER FINCA TOLLOCHE;23.000.000;Unidades;Dolares;14.790.000;EQUIPOS DE RIEGO;;
INSUMOS  EQUIPO RIEGO   ;INSUMOS EQUIPO RIEGO   ;PRECINTO DE CHAPA 1039 M48;TALLER FINCA TOLLOCHE;72.000.000;Unidades;Dolares;14.790.000;EQUIPOS DE RIEGO;;
INSUMOS  EQUIPO RIEGO   ;INSUMOS EQUIPO RIEGO   ;REGULADOR DE CARGA SOLAR 5AMP 12V M72;TALLER FINCA TOLLOCHE;2.000.000;Unidades;Dolares;14.790.000;EQUIPOS DE RIEGO;;
INSUMOS  EQUIPO RIEGO   ;INSUMOS EQUIPO RIEGO   ;CABRESTANTE ELECTRICO 1000 KG MOTOR TRIFASICO M03;TALLER FINCA TOLLOCHE;2.000.000;Unidades;Dolares;14.790.000;EQUIPOS DE RIEGO;;
INSUMOS  EQUIPO RIEGO   ;INSUMOS EQUIPO RIEGO   ; CAÑO POSABOLA 8 5/8 (H) 9360096 M;TALLER FINCA TOLLOCHE;19.000.000;Unidades;Dolares;14.790.000;EQUIPOS DE RIEGO;;
INSUMOS  EQUIPO RIEGO   ;INSUMOS EQUIPO RIEGO   ;EJE DE MAZA FIJA 1703239 M02;TALLER FINCA TOLLOCHE;10.000.000;Unidades;Dolares;14.790.000;EQUIPOS DE RIEGO;;
INSUMOS  EQUIPO RIEGO   ;INSUMOS EQUIPO RIEGO   ;RODAMIENTO PUNTA SINFÍN HM89446/410 M40;TALLER FINCA TOLLOCHE;146.000.000;Unidades;Dolares;14.790.000;EQUIPOS DE RIEGO;;
INSUMOS  EQUIPO RIEGO   ;INSUMOS EQUIPO RIEGO   ;CAÑO FINAL V 6-5/8 9360132 M;TALLER FINCA TOLLOCHE;4.000.000;Unidades;Dolares;14.790.000;EQUIPOS DE RIEGO;;
INSUMOS  EQUIPO RIEGO   ;INSUMOS EQUIPO RIEGO   ;KIT LLAVE ON OF DE PANEL 314799 M12;TALLER FINCA TOLLOCHE;5.000.000;Unidades;Dolares;14.790.000;EQUIPOS DE RIEGO;;
INSUMOS  EQUIPO RIEGO   ;INSUMOS EQUIPO RIEGO   ;TUERCA 5/16 - 24 M47;TALLER FINCA TOLLOCHE;150.000.000;Unidades;Dolares;14.790.000;EQUIPOS DE RIEGO;;
INSUMOS  EQUIPO RIEGO   ;INSUMOS EQUIPO RIEGO   ;VALVULA ESFERICA VAL. 1/4 GALV. M46;TALLER FINCA TOLLOCHE;11.000.000;Unidades;Dolares;14.790.000;EQUIPOS DE RIEGO;;
INSUMOS  EQUIPO RIEGO   ;INSUMOS EQUIPO RIEGO   ;REGULADOR 10 PSI 227210 M59 - M64;TALLER FINCA TOLLOCHE;2.374.000.000;Unidades;Dolares;14.790.000;EQUIPOS DE RIEGO;;
INSUMOS  EQUIPO RIEGO   ;INSUMOS EQUIPO RIEGO   ;"CONECTOR PARA CAÑO DE 1"" FT-34 M59";TALLER FINCA TOLLOCHE;0.000000;Unidades;Dolares;14.790.000;EQUIPOS DE RIEGO;;
INSUMOS  EQUIPO RIEGO   ;INSUMOS EQUIPO RIEGO   ;"ESPIGA ROSCA (M) ESP 1"" PVC M68";TALLER FINCA TOLLOCHE;0.000000;Unidades;Dolares;14.790.000;EQUIPOS DE RIEGO;;
INSUMOS  EQUIPO RIEGO   ;INSUMOS EQUIPO RIEGO   ;BOBINADO MOTOR ULTIMA TORRE  M02;TALLER FINCA TOLLOCHE;0.000000;Unidades;Dolares;14.790.000;EQUIPOS DE RIEGO;;
INSUMOS  EQUIPO RIEGO   ;INSUMOS EQUIPO RIEGO   ;CAÑO PORTABOLA 8 5/8 (M) 9360098 M;TALLER FINCA TOLLOCHE;19.000.000;Unidades;Dolares;14.790.000;EQUIPOS DE RIEGO;;
INSUMOS  EQUIPO RIEGO   ;INSUMOS EQUIPO RIEGO   ;TERMINALES CON OJO  M17;TALLER FINCA TOLLOCHE;17.000.000;Unidades;Dolares;14.790.000;EQUIPOS DE RIEGO;;
INSUMOS  EQUIPO RIEGO   ;INSUMOS EQUIPO RIEGO   ;CUBRE CRUCETA 1702614 M48;TALLER FINCA TOLLOCHE;0.000000;Unidades;Dolares;14.790.000;EQUIPOS DE RIEGO;;
INSUMOS  EQUIPO RIEGO   ;INSUMOS EQUIPO RIEGO   ;CAÑO PORTABOLA 6 5/8 9360128 M;TALLER FINCA TOLLOCHE;38.000.000;Unidades;Dolares;14.790.000;EQUIPOS DE RIEGO;;
INSUMOS  EQUIPO RIEGO   ;INSUMOS EQUIPO RIEGO   ;CAÑO INTERMEDIO 8 5/8 9360094  M;TALLER FINCA TOLLOCHE;0.000000;Unidades;Dolares;14.790.000;EQUIPOS DE RIEGO;;
INSUMOS  EQUIPO RIEGO   ;INSUMOS EQUIPO RIEGO   ;MOTOR ULTIMA TORRE 03E2056 M07 - M08;TALLER FINCA TOLLOCHE;0.000000;Unidades;Dolares;14.790.000;EQUIPOS DE RIEGO;;
INSUMOS  EQUIPO RIEGO   ;INSUMOS EQUIPO RIEGO   ;SINFIN SALIDA SIMPLE 1701922 M12;TALLER FINCA TOLLOCHE;0.000000;Unidades;Dolares;14.790.000;EQUIPOS DE RIEGO;;
INSUMOS  EQUIPO RIEGO   ;INSUMOS EQUIPO RIEGO   ;BOQUILLA SENINGER N° 22  M38;TALLER FINCA TOLLOCHE;0.000000;Unidades;Dolares;14.790.000;EQUIPOS DE RIEGO;;
INSUMOS  EQUIPO RIEGO   ;INSUMOS EQUIPO RIEGO   ;BOQUILLA UP3 N° 18  M38;TALLER FINCA TOLLOCHE;0.000000;Unidades;Dolares;14.790.000;EQUIPOS DE RIEGO;;
INSUMOS  EQUIPO RIEGO   ;INSUMOS EQUIPO RIEGO   ;PLAQUETA ZOCALO DE RELAY 110 V 314830 M73;TALLER FINCA TOLLOCHE;1.000.000;Unidades;Dolares;14.790.000;EQUIPOS DE RIEGO;;
INSUMOS  EQUIPO RIEGO   ;INSUMOS EQUIPO RIEGO   ;CONECTOR KA1220 M12;TALLER FINCA TOLLOCHE;5.000.000;Unidades;Dolares;14.790.000;EQUIPOS DE RIEGO;;
INSUMOS  EQUIPO RIEGO   ;INSUMOS EQUIPO RIEGO   ;RODAMIENTO PUNTA DE EJE MAZA LM104949 M40;TALLER FINCA TOLLOCHE;53.000.000;Unidades;Dolares;14.790.000;EQUIPOS DE RIEGO;;
INSUMOS  EQUIPO RIEGO   ;INSUMOS EQUIPO RIEGO   ;RETEN 10843 M37;TALLER FINCA TOLLOCHE;0.000000;Unidades;Dolares;14.790.000;EQUIPOS DE RIEGO;;
INSUMOS  EQUIPO RIEGO   ;INSUMOS EQUIPO RIEGO   ;LEVA 992984 M02;TALLER FINCA TOLLOCHE;0.000000;Unidades;Dolares;14.790.000;EQUIPOS DE RIEGO;;
INSUMOS  EQUIPO RIEGO   ;INSUMOS EQUIPO RIEGO   ;TORNILLO PARKER HEXAGONAL 10 X 3/4 M61;TALLER FINCA TOLLOCHE;0.000000;Unidades;Dolares;14.790.000;EQUIPOS DE RIEGO;;
INSUMOS  EQUIPO RIEGO   ;INSUMOS EQUIPO RIEGO   ;CAÑO POSABOLA 6 5/8 9360126 M;TALLER FINCA TOLLOCHE;15.000.000;Unidades;Dolares;14.790.000;EQUIPOS DE RIEGO;;
INSUMOS  EQUIPO RIEGO   ;INSUMOS EQUIPO RIEGO   ;BOQUILLA 22.5 600538 M42;TALLER FINCA TOLLOCHE;300.000.000;Unidades;Dolares;14.790.000;EQUIPOS DE RIEGO;;
INSUMOS  EQUIPO RIEGO   ;INSUMOS EQUIPO RIEGO   ;BOBINADO MOTOR BOMBA DE VACÍO M04;TALLER FINCA TOLLOCHE;1.000.000;Unidades;Dolares;14.790.000;EQUIPOS DE RIEGO;;
INSUMOS  EQUIPO RIEGO   ;INSUMOS EQUIPO RIEGO   ;BOQUILLA 21.5 UP3 601694 M42;TALLER FINCA TOLLOCHE;0.000000;Unidades;Dolares;14.790.000;EQUIPOS DE RIEGO;;
INSUMOS  EQUIPO RIEGO   ;INSUMOS EQUIPO RIEGO   ;CAÑO DE TRANSICION 8 5/8 9360101 M;TALLER FINCA TOLLOCHE;10.000.000;Unidades;Dolares;14.790.000;EQUIPOS DE RIEGO;;
INSUMOS  EQUIPO RIEGO   ;INSUMOS EQUIPO RIEGO   ;BOQUILLA SENINGER 19.5 - I-WOB 430726 M38;TALLER FINCA TOLLOCHE;72.000.000;Unidades;Dolares;14.790.000;EQUIPOS DE RIEGO;;
INSUMOS  EQUIPO RIEGO   ;INSUMOS EQUIPO RIEGO   ;RETEN DE MANCHON 29872/CORNELL M36;TALLER FINCA TOLLOCHE;3.000.000;Unidades;Dolares;14.790.000;EQUIPOS DE RIEGO;;
INSUMOS  EQUIPO RIEGO   ;INSUMOS EQUIPO RIEGO   ;"REDUCCION DE 10"" A 8"" 9330148 M06";TALLER FINCA TOLLOCHE;4.000.000;Unidades;Dolares;14.790.000;EQUIPOS DE RIEGO;;
INSUMOS  EQUIPO RIEGO   ;INSUMOS EQUIPO RIEGO   ;CAÑO SIN BRIDA 9362801 M;TALLER FINCA TOLLOCHE;11.000.000;Unidades;Dolares;14.790.000;EQUIPOS DE RIEGO;;
INSUMOS  EQUIPO RIEGO   ;INSUMOS EQUIPO RIEGO   ;"REDUCCION TRAMO 8"" A 6"" 9360013 M";TALLER FINCA TOLLOCHE;0.000000;Unidades;Dolares;14.790.000;EQUIPOS DE RIEGO;;
INSUMOS  EQUIPO RIEGO   ;INSUMOS EQUIPO RIEGO   ;BULON 1/2 X 1 1/4 161027 M27;TALLER FINCA TOLLOCHE;0.000000;Unidades;Dolares;14.790.000;EQUIPOS DE RIEGO;;
INSUMOS  EQUIPO RIEGO   ;INSUMOS EQUIPO RIEGO   ;TECLA PANEL F/R 03E1720 M12;TALLER FINCA TOLLOCHE;3.000.000;Unidades;Dolares;14.790.000;EQUIPOS DE RIEGO;;
INSUMOS  EQUIPO RIEGO   ;INSUMOS EQUIPO RIEGO   ;TAPA MAZA PUNTA SIN FIN 1781713 M20;TALLER FINCA TOLLOCHE;39.000.000;Unidades;Dolares;14.790.000;EQUIPOS DE RIEGO;;
INSUMOS  EQUIPO RIEGO   ;INSUMOS EQUIPO RIEGO   ;DIAFRAGMA 991230 M60;TALLER FINCA TOLLOCHE;35.000.000;Unidades;Dolares;14.790.000;EQUIPOS DE RIEGO;;
INSUMOS  EQUIPO RIEGO   ;INSUMOS EQUIPO RIEGO   ;BOQUILLA 24 601699 M55;TALLER FINCA TOLLOCHE;0.000000;Unidades;Dolares;14.790.000;EQUIPOS DE RIEGO;;
INSUMOS  EQUIPO RIEGO   ;INSUMOS EQUIPO RIEGO   ;EJE DE BOMBA CORNELL NUEVO M63;TALLER FINCA TOLLOCHE;0.000000;Unidades;Dolares;14.790.000;EQUIPOS DE RIEGO;;
INSUMOS  EQUIPO RIEGO   ;INSUMOS EQUIPO RIEGO   ;EJE DE BOMBA CORNELL REPARADO M63;TALLER FINCA TOLLOCHE;0.000000;Unidades;Dolares;14.790.000;EQUIPOS DE RIEGO;;
INSUMOS  EQUIPO RIEGO   ;INSUMOS EQUIPO RIEGO   ;TUBO ROCIADOR FINAL SENNINGER 680338 M21;TALLER FINCA TOLLOCHE;1.000.000;Unidades;Dolares;14.790.000;EQUIPOS DE RIEGO;;
INSUMOS  EQUIPO RIEGO   ;INSUMOS EQUIPO RIEGO   ;CODO MH 90° 3/4 M41;TALLER FINCA TOLLOCHE;16.000.000;Unidades;Dolares;14.790.000;EQUIPOS DE RIEGO;;
INSUMOS  EQUIPO RIEGO   ;INSUMOS EQUIPO RIEGO   ;TERMINAL 4-6 M5 M17;TALLER FINCA TOLLOCHE;0.000000;Unidades;Dolares;14.790.000;EQUIPOS DE RIEGO;;
INSUMOS  EQUIPO RIEGO   ;INSUMOS EQUIPO RIEGO   ;TERMINAL DE OJO AISLADO 4-6 M6 M17;TALLER FINCA TOLLOCHE;0.000000;Unidades;Dolares;14.790.000;EQUIPOS DE RIEGO;;
INSUMOS  EQUIPO RIEGO   ;INSUMOS EQUIPO RIEGO   ;TERMINAL DE OJO AISLADO 4-6 M10 M17;TALLER FINCA TOLLOCHE;13.000.000;Unidades;Dolares;14.790.000;EQUIPOS DE RIEGO;;
INSUMOS  EQUIPO RIEGO   ;INSUMOS EQUIPO RIEGO   ;MODULO DE PANEL SELECT 2 KA01590 M13;TALLER FINCA TOLLOCHE;0.000000;Unidades;Dolares;14.790.000;EQUIPOS DE RIEGO;;
INSUMOS  EQUIPO RIEGO   ;INSUMOS EQUIPO RIEGO   ;MANOMETRO DE 0-30 PSI 231122 M23;TALLER FINCA TOLLOCHE;0.000000;Unidades;Dolares;14.790.000;EQUIPOS DE RIEGO;;
INSUMOS  EQUIPO RIEGO   ;INSUMOS EQUIPO RIEGO   ;CONTACTOR 3SC8 25 A X 110 M10;TALLER FINCA TOLLOCHE;13.000.000;Unidades;Dolares;14.790.000;EQUIPOS DE RIEGO;;
INSUMOS  EQUIPO RIEGO   ;INSUMOS EQUIPO RIEGO   ;KIT DE SELLO R650002-00 (DSHC800) M13;TALLER FINCA TOLLOCHE;3.000.000;Unidades;Dolares;14.790.000;EQUIPOS DE RIEGO;;
INSUMOS  EQUIPO RIEGO   ;INSUMOS EQUIPO RIEGO   ;ADAPTADOR DE BRIDA 8 5/8 9330001 M07;TALLER FINCA TOLLOCHE;1.000.000;Unidades;Dolares;14.790.000;EQUIPOS DE RIEGO;;
INSUMOS  EQUIPO RIEGO   ;INSUMOS EQUIPO RIEGO   ;"BUJE DE CARRO 4140 3"" 1/2 (89.9CM) M03";TALLER FINCA TOLLOCHE;2.000.000;Unidades;Dolares;14.790.000;EQUIPOS DE RIEGO;;
INSUMOS  EQUIPO RIEGO   ;INSUMOS EQUIPO RIEGO   ;"ABRAZADERA 7"" 995627 M18";TALLER FINCA TOLLOCHE;16.000.000;Unidades;Dolares;14.790.000;EQUIPOS DE RIEGO;;
INSUMOS  EQUIPO RIEGO   ;INSUMOS EQUIPO RIEGO   ;ACOPLE FABRICADO  M03;TALLER FINCA TOLLOCHE;14.000.000;Unidades;Dolares;14.790.000;EQUIPOS DE RIEGO;;
INSUMOS  EQUIPO RIEGO   ;INSUMOS EQUIPO RIEGO   ;RADIADOR MOTOR SCANIA 526304 M;TALLER FINCA TOLLOCHE;0.000000;Unidades;Dolares;14.790.000;EQUIPOS DE RIEGO;;
INSUMOS  EQUIPO RIEGO   ;INSUMOS EQUIPO RIEGO   ;TEMPORIZADOR PANEL ESTANDAR 314980 M15;TALLER FINCA TOLLOCHE;2.000.000;Unidades;Dolares;14.790.000;EQUIPOS DE RIEGO;;
INSUMOS  EQUIPO RIEGO   ;INSUMOS EQUIPO RIEGO   ;PLAQUETA DIODOS DE GENERADOR 3E1458 M17;TALLER FINCA TOLLOCHE;2.000.000;Unidades;Dolares;14.790.000;EQUIPOS DE RIEGO;;
INSUMOS  EQUIPO RIEGO   ;INSUMOS EQUIPO RIEGO   ;BLOCK DE CONTACTOR 3RA1921-1DA11 M10;TALLER FINCA TOLLOCHE;79.000.000;Unidades;Dolares;14.790.000;EQUIPOS DE RIEGO;;
INSUMOS  EQUIPO RIEGO   ;INSUMOS EQUIPO RIEGO   ;RODAMIENTO 6312 / 2RS-C3 M62;TALLER FINCA TOLLOCHE;5.000.000;Unidades;Dolares;14.790.000;EQUIPOS DE RIEGO;;
INSUMOS  EQUIPO RIEGO   ;INSUMOS EQUIPO RIEGO   ;FUSIBLE 315019 M11;TALLER FINCA TOLLOCHE;5.000.000;Unidades;Dolares;14.790.000;EQUIPOS DE RIEGO;;
INSUMOS  EQUIPO RIEGO   ;INSUMOS EQUIPO RIEGO   ;TORNILLO PARKER 12X1 M27;TALLER FINCA TOLLOCHE;0.000000;Unidades;Dolares;14.790.000;EQUIPOS DE RIEGO;;
INSUMOS  EQUIPO RIEGO   ;INSUMOS EQUIPO RIEGO   ;BOMBA DE AGUA 1896752 R29;TALLER FINCA TOLLOCHE;3.000.000;Unidades;Dolares;14.790.000;EQUIPOS DE RIEGO;;
INSUMOS  EQUIPO RIEGO   ;INSUMOS EQUIPO RIEGO   ;ASPERSOR I-WOB UP3 SENNINGER STYLE M01;TALLER FINCA TOLLOCHE;0.000000;Unidades;Dolares;14.790.000;EQUIPOS DE RIEGO;;
INSUMOS  EQUIPO RIEGO   ;INSUMOS EQUIPO RIEGO   ;BOQUILLA UP3 M01;TALLER FINCA TOLLOCHE;0.000000;Unidades;Dolares;14.790.000;EQUIPOS DE RIEGO;;
INSUMOS  EQUIPO RIEGO   ;INSUMOS EQUIPO RIEGO   ;ESTACION AUTOMATICA 100-NBIOT M05;TALLER FINCA TOLLOCHE;0.000000;Unidades;Dolares;14.790.000;EQUIPOS DE RIEGO;;
INSUMOS  EQUIPO RIEGO   ;INSUMOS EQUIPO RIEGO   ;RETEN DE HYD 24988/PIONEER M36;TALLER FINCA TOLLOCHE;11.000.000;Unidades;Dolares;14.790.000;EQUIPOS DE RIEGO;;
INSUMOS  EQUIPO RIEGO   ;INSUMOS EQUIPO RIEGO   ;TELGOPOR ALTA DENSIDAD 1830X900X250 M;TALLER FINCA TOLLOCHE;5.000.000;Unidades;Dolares;14.790.000;EQUIPOS DE RIEGO;;
INSUMOS  EQUIPO RIEGO   ;INSUMOS EQUIPO RIEGO   ;MODULO GUIA 03E1501 M66;TALLER FINCA TOLLOCHE;3.000.000;Unidades;Dolares;14.790.000;EQUIPOS DE RIEGO;;
INSUMOS  EQUIPO RIEGO   ;INSUMOS EQUIPO RIEGO   ;CANASTA I WOB2 UP3 602018 M14-M48;TALLER FINCA TOLLOCHE;221.000.000;Unidades;Dolares;14.790.000;EQUIPOS DE RIEGO;;
INSUMOS  EQUIPO RIEGO   ;INSUMOS EQUIPO RIEGO   ;BOQUILLA N°17.5 601686 M67;TALLER FINCA TOLLOCHE;0.000000;Unidades;Dolares;14.790.000;EQUIPOS DE RIEGO;;
INSUMOS  EQUIPO RIEGO   ;INSUMOS EQUIPO RIEGO   ;BOQUILLA N°18.5 601688 M67;TALLER FINCA TOLLOCHE;0.000000;Unidades;Dolares;14.790.000;EQUIPOS DE RIEGO;;
INSUMOS  EQUIPO RIEGO   ;INSUMOS EQUIPO RIEGO   ;BOQUILLA N°19 601689 M67;TALLER FINCA TOLLOCHE;14.000.000;Unidades;Dolares;14.790.000;EQUIPOS DE RIEGO;;
INSUMOS  EQUIPO RIEGO   ;INSUMOS EQUIPO RIEGO   ;BOQUILLA 180° 18 496180 M55;TALLER FINCA TOLLOCHE;0.000000;Unidades;Dolares;14.790.000;EQUIPOS DE RIEGO;;
INSUMOS  EQUIPO RIEGO   ;INSUMOS EQUIPO RIEGO   ;BOQUILLA 180° 21 496210 M55;TALLER FINCA TOLLOCHE;0.000000;Unidades;Dolares;14.790.000;EQUIPOS DE RIEGO;;
INSUMOS  EQUIPO RIEGO   ;INSUMOS EQUIPO RIEGO   ;ESPIGA RM 3/4 M42;TALLER FINCA TOLLOCHE;266.000.000;Unidades;Dolares;14.790.000;EQUIPOS DE RIEGO;;
INSUMOS  EQUIPO RIEGO   ;INSUMOS EQUIPO RIEGO   ;RODAMIENTO DE EJE BOMBA 6314 / C3 M63;TALLER FINCA TOLLOCHE;19.000.000;Unidades;Dolares;14.790.000;EQUIPOS DE RIEGO;;
INSUMOS  EQUIPO RIEGO   ;INSUMOS EQUIPO RIEGO   ;BOQUILLA SENINGER N° 21 M38;TALLER FINCA TOLLOCHE;2.480.000.000;Unidades;Dolares;14.790.000;EQUIPOS DE RIEGO;;
INSUMOS  EQUIPO RIEGO   ;INSUMOS EQUIPO RIEGO   ;ORRING 328963 M60;TALLER FINCA TOLLOCHE;3.000.000;Unidades;Dolares;14.790.000;EQUIPOS DE RIEGO;;
INSUMOS  EQUIPO RIEGO   ;INSUMOS EQUIPO RIEGO   ;ZOCALO DE PLAQUETA M60;TALLER FINCA TOLLOCHE;2.000.000;Unidades;Dolares;14.790.000;EQUIPOS DE RIEGO;;
INSUMOS  EQUIPO RIEGO   ;INSUMOS EQUIPO RIEGO   ;ADAPTADOR DE BRIDA 1730785 M66;TALLER FINCA TOLLOCHE;2.000.000;Unidades;Dolares;14.790.000;EQUIPOS DE RIEGO;;
INSUMOS  EQUIPO RIEGO   ;INSUMOS EQUIPO RIEGO   ;SOPORTE ANTENA DE FLOTACION 2 M06;TALLER FINCA TOLLOCHE;31.000.000;Unidades;Dolares;14.790.000;EQUIPOS DE RIEGO;;
INSUMOS  EQUIPO RIEGO   ;INSUMOS EQUIPO RIEGO   ;SAPO PARTE DE AFUERA M33;TALLER FINCA TOLLOCHE;12.000.000;Unidades;Dolares;14.790.000;EQUIPOS DE RIEGO;;
INSUMOS  EQUIPO RIEGO   ;INSUMOS EQUIPO RIEGO   ;"ESPIGA HM 2"" M46";TALLER FINCA TOLLOCHE;16.000.000;Unidades;Dolares;14.790.000;EQUIPOS DE RIEGO;;
INSUMOS  EQUIPO RIEGO   ;INSUMOS EQUIPO RIEGO   ;"REDUCCION MACHO DE 1"" A 3/4 M43";TALLER FINCA TOLLOCHE;0.000000;Unidades;Dolares;14.790.000;EQUIPOS DE RIEGO;;
INSUMOS  EQUIPO RIEGO   ;INSUMOS EQUIPO RIEGO   ;MANCHON M28;TALLER FINCA TOLLOCHE;0.000000;Unidades;Dolares;14.790.000;EQUIPOS DE RIEGO;;
INSUMOS  EQUIPO RIEGO   ;INSUMOS EQUIPO RIEGO   ;"ABRAZADERA INOXIDABLE 8 5/8"" 994507 M52";TALLER FINCA TOLLOCHE;15.000.000;Unidades;Dolares;14.790.000;EQUIPOS DE RIEGO;;
INSUMOS  EQUIPO RIEGO   ;INSUMOS EQUIPO RIEGO   ;CUERPO PLASTICO SELLO DE DRENAJE 246170 M28;TALLER FINCA TOLLOCHE;9.000.000;Unidades;Dolares;14.790.000;EQUIPOS DE RIEGO;;
INSUMOS  EQUIPO RIEGO   ;INSUMOS EQUIPO RIEGO   ;"ABRAZADERA CINTA 6"" CABLE EJE DE TORRE 271021 M47";TALLER FINCA TOLLOCHE;0.000000;Unidades;Dolares;14.790.000;EQUIPOS DE RIEGO;;
INSUMOS  EQUIPO RIEGO   ;INSUMOS EQUIPO RIEGO   ;"ABRAZADERA CINTA 8"" CABLE DE TRAMO M47";TALLER FINCA TOLLOCHE;0.000000;Unidades;Dolares;14.790.000;EQUIPOS DE RIEGO;;
INSUMOS  EQUIPO RIEGO   ;INSUMOS EQUIPO RIEGO   ;PLAQUETA DE RELAY CAJA GUIA 315610 M32;TALLER FINCA TOLLOCHE;3.000.000;Unidades;Dolares;14.790.000;EQUIPOS DE RIEGO;;
INSUMOS  EQUIPO RIEGO   ;INSUMOS EQUIPO RIEGO   ;ABRAZADERA 3/4 M42;TALLER FINCA TOLLOCHE;0.000000;Unidades;Dolares;14.790.000;EQUIPOS DE RIEGO;;
INSUMOS  EQUIPO RIEGO   ;INSUMOS EQUIPO RIEGO   ;BOQUILLA UP3 N° 18,5 M38;TALLER FINCA TOLLOCHE;0.000000;Unidades;Dolares;14.790.000;EQUIPOS DE RIEGO;;
INSUMOS  EQUIPO RIEGO   ;INSUMOS EQUIPO RIEGO   ;ESPARRAGO 164105 9/16X1-13/16 M04;TALLER FINCA TOLLOCHE;180.000.000;Unidades;Dolares;14.790.000;EQUIPOS DE RIEGO;;
INSUMOS  EQUIPO RIEGO   ;INSUMOS EQUIPO RIEGO   ;DESTELLADOR BAC-3RR110 M71;TALLER FINCA TOLLOCHE;2.000.000;Unidades;Dolares;14.790.000;EQUIPOS DE RIEGO;;
INSUMOS  EQUIPO RIEGO   ;INSUMOS EQUIPO RIEGO   ;RODAMIENTO DE EJE BOMBA 6316 ABIERTO M63;TALLER FINCA TOLLOCHE;4.000.000;Unidades;Dolares;14.790.000;EQUIPOS DE RIEGO;;
INSUMOS  EQUIPO RIEGO   ;INSUMOS EQUIPO RIEGO   ;REGULADOR DE PRESION KOMET 10 PSI KRE10 M01;TALLER FINCA TOLLOCHE;40.000.000;Unidades;Dolares;14.790.000;EQUIPOS DE RIEGO;;
INSUMOS  EQUIPO RIEGO   ;INSUMOS EQUIPO RIEGO   ;CUELLO DE CISNE 180° 111-GN1806B M47;TALLER FINCA TOLLOCHE;0.000000;Unidades;Dolares;14.790.000;EQUIPOS DE RIEGO;;
INSUMOS  EQUIPO RIEGO   ;INSUMOS EQUIPO RIEGO   ;MOTORREDUCTOR ULTIMA TORRE 03E2056 M02;TALLER FINCA TOLLOCHE;0.000000;Unidades;Dolares;14.790.000;EQUIPOS DE RIEGO;;
INSUMOS  EQUIPO RIEGO   ;INSUMOS EQUIPO RIEGO   ;TURBINA CORNELL 13.5 997235 M03;TALLER FINCA TOLLOCHE;0.000000;Unidades;Dolares;14.790.000;EQUIPOS DE RIEGO;;
INSUMOS  EQUIPO RIEGO   ;INSUMOS EQUIPO RIEGO   ; RETEN 03E1750 M37;TALLER FINCA TOLLOCHE;34.000.000;Unidades;Dolares;14.790.000;EQUIPOS DE RIEGO;;
INSUMOS  EQUIPO RIEGO   ;INSUMOS EQUIPO RIEGO   ; BULON 1/2 X 1 1/4 161027 M27;TALLER FINCA TOLLOCHE;0.000000;Unidades;Dolares;14.790.000;EQUIPOS DE RIEGO;;
INSUMOS  EQUIPO RIEGO   ;INSUMOS EQUIPO RIEGO   ;KIT TRANSDUCTOR PRESION 931K013 M32;TALLER FINCA TOLLOCHE;1.000.000;Unidades;Dolares;14.790.000;EQUIPOS DE RIEGO;;
INSUMOS  EQUIPO RIEGO   ;INSUMOS EQUIPO RIEGO   ; TUERCA DE ESPARRAGO MAZA 134039 / 134049 M04;TALLER FINCA TOLLOCHE;349.000.000;Unidades;Dolares;14.790.000;EQUIPOS DE RIEGO;;
INSUMOS  EQUIPO RIEGO   ;INSUMOS EQUIPO RIEGO   ;TUERCA 5/16-24 M04;TALLER FINCA TOLLOCHE;0.000000;Unidades;Dolares;14.790.000;EQUIPOS DE RIEGO;;
INSUMOS  EQUIPO RIEGO   ;INSUMOS EQUIPO RIEGO   ; BOQUILLA 180° 20 496200 M55;TALLER FINCA TOLLOCHE;28.000.000;Unidades;Dolares;14.790.000;EQUIPOS DE RIEGO;;
INSUMOS  EQUIPO RIEGO   ;INSUMOS EQUIPO RIEGO   ;CAÑO INTERMEDIO 8 5/8 9360094 M;TALLER FINCA TOLLOCHE;38.000.000;Unidades;Dolares;14.790.000;EQUIPOS DE RIEGO;;
INSUMOS  EQUIPO RIEGO   ;INSUMOS EQUIPO RIEGO   ;RODAMIENTO PUNTA SINFIN HM88649/610 M40;TALLER FINCA TOLLOCHE;31.000.000;Unidades;Dolares;14.790.000;EQUIPOS DE RIEGO;;
INSUMOS  EQUIPO RIEGO   ;INSUMOS EQUIPO RIEGO   ;CAÑO INTERMEDIO 6 5/8 9360124 M;TALLER FINCA TOLLOCHE;123.000.000;Unidades;Dolares;14.790.000;EQUIPOS DE RIEGO;;
INSUMOS  EQUIPO RIEGO   ;INSUMOS EQUIPO RIEGO   ;ARO DE DESGASTE CHICO FABRICADO M68;TALLER FINCA TOLLOCHE;4.000.000;Unidades;Dolares;14.790.000;EQUIPOS DE RIEGO;;
INSUMOS  EQUIPO RIEGO   ;INSUMOS EQUIPO RIEGO   ;RETEN DE HYD 24897 M20;TALLER FINCA TOLLOCHE;4.000.000;Unidades;Dolares;14.790.000;EQUIPOS DE RIEGO;;
INSUMOS  EQUIPO RIEGO   ;INSUMOS EQUIPO RIEGO   ;RODAMIENTO DE EJE BOMBA 6313 / 2Z-C3 M62;TALLER FINCA TOLLOCHE;4.000.000;Unidades;Dolares;14.790.000;EQUIPOS DE RIEGO;;
INSUMOS  EQUIPO RIEGO   ;INSUMOS EQUIPO RIEGO   ;SEGURO ARAÑA MB-16  M21;TALLER FINCA TOLLOCHE;12.000.000;Unidades;Dolares;14.790.000;EQUIPOS DE RIEGO;;
INSUMOS  EQUIPO RIEGO   ;INSUMOS EQUIPO RIEGO   ;PRISIONERO PARA HD S/UBICACION M;TALLER FINCA TOLLOCHE;10.000.000;Unidades;Dolares;14.790.000;EQUIPOS DE RIEGO;;
INSUMOS  EQUIPO RIEGO   ;INSUMOS EQUIPO RIEGO   ;TORNILLO ROTOR A14384-12B-SD/CORNELL M62;TALLER FINCA TOLLOCHE;1.000.000;Unidades;Dolares;14.790.000;EQUIPOS DE RIEGO;;
INSUMOS  EQUIPO RIEGO   ;INSUMOS EQUIPO RIEGO   ;RETEN HD SAV - 5366/CORNELL M36;TALLER FINCA TOLLOCHE;2.000.000;Unidades;Dolares;14.790.000;EQUIPOS DE RIEGO;;
INSUMOS  EQUIPO RIEGO   ;INSUMOS EQUIPO RIEGO   ;BUJE DE BRONCE 80 X 60 X 170 M68;TALLER FINCA TOLLOCHE;0.000000;Unidades;Dolares;14.790.000;EQUIPOS DE RIEGO;;
INSUMOS  EQUIPO RIEGO   ;INSUMOS EQUIPO RIEGO   ;TURBINA CORNELL 13.5 997235 M;TALLER FINCA TOLLOCHE;0.000000;Unidades;Dolares;14.790.000;EQUIPOS DE RIEGO;;
INSUMOS  EQUIPO RIEGO   ;INSUMOS EQUIPO RIEGO   ;SELLO LABERINTO INT 84 MM X 64 MM M68;TALLER FINCA TOLLOCHE;6.000.000;Unidades;Dolares;14.790.000;EQUIPOS DE RIEGO;;
INSUMOS  EQUIPO RIEGO   ;INSUMOS EQUIPO RIEGO   ;ORRING DE EJE 328963 M60;TALLER FINCA TOLLOCHE;0.000000;Unidades;Dolares;14.790.000;EQUIPOS DE RIEGO;;
INSUMOS  EQUIPO RIEGO   ;INSUMOS EQUIPO RIEGO   ;ANTENA GUÍA 03E3831 M57;TALLER FINCA TOLLOCHE;0.000000;Unidades;Dolares;14.790.000;EQUIPOS DE RIEGO;;
INSUMOS  EQUIPO RIEGO   ;INSUMOS EQUIPO RIEGO   ;CONTACTOR AUXILIAR GUARDA FASE 3E1849 M11;TALLER FINCA TOLLOCHE;5.000.000;Unidades;Dolares;14.790.000;EQUIPOS DE RIEGO;;
INSUMOS  EQUIPO RIEGO   ;INSUMOS EQUIPO RIEGO   ;PERILLA DE LLAVE SELECTORA 9902090 M12;TALLER FINCA TOLLOCHE;18.000.000;Unidades;Dolares;14.790.000;EQUIPOS DE RIEGO;;
INSUMOS  EQUIPO RIEGO   ;INSUMOS EQUIPO RIEGO   ;RETEN DOBLE MAZA 258028/224306AP5Y-1 M35;TALLER FINCA TOLLOCHE;0.000000;Unidades;Dolares;14.790.000;EQUIPOS DE RIEGO;;
INSUMOS  EQUIPO RIEGO   ;INSUMOS EQUIPO RIEGO   ;KIT REMOTO KA01207 M23;TALLER FINCA TOLLOCHE;1.000.000;Unidades;Dolares;14.790.000;EQUIPOS DE RIEGO;;
INSUMOS  EQUIPO RIEGO   ;INSUMOS EQUIPO RIEGO   ;TIMER PORCENTAJE 30SEG. 03E2695 M22;TALLER FINCA TOLLOCHE;7.000.000;Unidades;Dolares;14.790.000;EQUIPOS DE RIEGO;;
INSUMOS  EQUIPO RIEGO   ;INSUMOS EQUIPO RIEGO   ;AUXILIAR INTERIOR 314747/D11N00 M16;TALLER FINCA TOLLOCHE;0.000000;Unidades;Dolares;14.790.000;EQUIPOS DE RIEGO;;
INSUMOS  EQUIPO RIEGO   ;INSUMOS EQUIPO RIEGO   ;CUBETA PUNTA DE EJE MAZA JLM104910 M40;TALLER FINCA TOLLOCHE;18.000.000;Unidades;Dolares;14.790.000;EQUIPOS DE RIEGO;;
INSUMOS  EQUIPO RIEGO   ;INSUMOS EQUIPO RIEGO   ;RODAMIENTO PARA CORONA 387A M40;TALLER FINCA TOLLOCHE;33.000.000;Unidades;Dolares;14.790.000;EQUIPOS DE RIEGO;;
INSUMOS  EQUIPO RIEGO   ;INSUMOS EQUIPO RIEGO   ;CUBETA PARA PUNTA DE SINFIN HM89410 M40;TALLER FINCA TOLLOCHE;2.000.000;Unidades;Dolares;14.790.000;EQUIPOS DE RIEGO;;
INSUMOS  EQUIPO RIEGO   ;INSUMOS EQUIPO RIEGO   ;CONECTOR PLAQUETA - 8 PINES 1813162 M11;TALLER FINCA TOLLOCHE;9.000.000;Unidades;Dolares;14.790.000;EQUIPOS DE RIEGO;;
INSUMOS  EQUIPO RIEGO   ;INSUMOS EQUIPO RIEGO   ;KIT DE LUZ KA09086 M30;TALLER FINCA TOLLOCHE;4.000.000;Unidades;Dolares;14.790.000;EQUIPOS DE RIEGO;;
INSUMOS  EQUIPO RIEGO   ;INSUMOS EQUIPO RIEGO   ;RETEN DE MANCHON 26190/ PIONER M36;TALLER FINCA TOLLOCHE;7.000.000;Unidades;Dolares;14.790.000;EQUIPOS DE RIEGO;;
INSUMOS  EQUIPO RIEGO   ;INSUMOS EQUIPO RIEGO   ;"FLEXIBLE DE SUCCION 14"" 1731513 M01";TALLER FINCA TOLLOCHE;6.000.000;Unidades;Dolares;14.790.000;EQUIPOS DE RIEGO;;
INSUMOS  EQUIPO RIEGO   ;INSUMOS EQUIPO RIEGO   ;PLAQUETA DE RELAY PANEL 03E2300 M11;TALLER FINCA TOLLOCHE;6.000.000;Unidades;Dolares;14.790.000;EQUIPOS DE RIEGO;;
INSUMOS  EQUIPO RIEGO   ;INSUMOS EQUIPO RIEGO   ;GOMA DE DRENAJE 232568 M28;TALLER FINCA TOLLOCHE;13.000.000;Unidades;Dolares;14.790.000;EQUIPOS DE RIEGO;;
INSUMOS  EQUIPO RIEGO   ;INSUMOS EQUIPO RIEGO   ;DESTELLADOR BAC-5RR110 M71;TALLER FINCA TOLLOCHE;0.000000;Unidades;Dolares;14.790.000;EQUIPOS DE RIEGO;;
INSUMOS  EQUIPO RIEGO   ;INSUMOS EQUIPO RIEGO   ;MODULO SEGURIDAD 03E1547 M65;TALLER FINCA TOLLOCHE;0.000000;Unidades;Dolares;14.790.000;EQUIPOS DE RIEGO;;
INSUMOS  EQUIPO RIEGO   ;INSUMOS EQUIPO RIEGO   ;ABRAZADERA ABR0684 M82;TALLER FINCA TOLLOCHE;1.000.000;Unidades;Dolares;14.790.000;EQUIPOS DE RIEGO;;
INSUMOS  EQUIPO RIEGO   ;INSUMOS EQUIPO RIEGO   ;JUEGO DE TORNILLO KA09003 M82;TALLER FINCA TOLLOCHE;20.000.000;Unidades;Dolares;14.790.000;EQUIPOS DE RIEGO;;
INSUMOS  EQUIPO RIEGO   ;INSUMOS EQUIPO RIEGO   ;CORREA A67 M71;TALLER FINCA TOLLOCHE;0.000000;Unidades;Dolares;14.790.000;EQUIPOS DE RIEGO;;
INSUMOS  EQUIPO RIEGO   ;INSUMOS EQUIPO RIEGO   ;FUSIBLE 10 X 38 X 25 AMP 500V M22;TALLER FINCA TOLLOCHE;0.000000;Unidades;Dolares;14.790.000;EQUIPOS DE RIEGO;;
INSUMOS  EQUIPO RIEGO   ;INSUMOS EQUIPO RIEGO   ;MANGO FLEXIBLE - 6 5/8 1800318 M05;TALLER FINCA TOLLOCHE;30.000.000;Unidades;Dolares;14.790.000;EQUIPOS DE RIEGO;;
INSUMOS  EQUIPO RIEGO   ;INSUMOS EQUIPO RIEGO   ;MANCHON DE CRUCETA 996201 M23 - M18;TALLER FINCA TOLLOCHE;84.000.000;Unidades;Dolares;14.790.000;EQUIPOS DE RIEGO;;
INSUMOS  EQUIPO RIEGO   ;INSUMOS EQUIPO RIEGO   ;BUJE CAJA BOX 1703336 M33;TALLER FINCA TOLLOCHE;9.000.000;Unidades;Dolares;14.790.000;EQUIPOS DE RIEGO;;
INSUMOS  EQUIPO RIEGO   ;INSUMOS EQUIPO RIEGO   ;BOTON STOP 03E1564 M27;TALLER FINCA TOLLOCHE;8.000.000;Unidades;Dolares;14.790.000;EQUIPOS DE RIEGO;;
INSUMOS  EQUIPO RIEGO   ;INSUMOS EQUIPO RIEGO   ;ORRING DE TAPA DE MAZA 2-148 69.57-73.09-2.62 M16;TALLER FINCA TOLLOCHE;70.000.000;Unidades;Dolares;14.790.000;EQUIPOS DE RIEGO;;
INSUMOS  EQUIPO RIEGO   ;INSUMOS EQUIPO RIEGO   ;MICRO DE DIRECCIÓN 03E0307 M13;TALLER FINCA TOLLOCHE;167.000.000;Unidades;Dolares;14.790.000;EQUIPOS DE RIEGO;;
INSUMOS  EQUIPO RIEGO   ;INSUMOS EQUIPO RIEGO   ;PARARRAYO AG6503L3 M16;TALLER FINCA TOLLOCHE;4.000.000;Unidades;Dolares;14.790.000;EQUIPOS DE RIEGO;;
INSUMOS  EQUIPO RIEGO   ;INSUMOS EQUIPO RIEGO   ;CONO DE AJUSTE - BOMBA CORNELL  M62;TALLER FINCA TOLLOCHE;6.000.000;Unidades;Dolares;14.790.000;EQUIPOS DE RIEGO;;
INSUMOS  EQUIPO RIEGO   ;INSUMOS EQUIPO RIEGO   ;"CODO 90° 2"" PVC.. M42";TALLER FINCA TOLLOCHE;1.000.000;Unidades;Dolares;14.790.000;EQUIPOS DE RIEGO;;
INSUMOS  EQUIPO RIEGO   ;INSUMOS EQUIPO RIEGO   ;CAJA DE TORRE PAR TORRE M75 - M80;TALLER FINCA TOLLOCHE;1.000.000;Unidades;Dolares;14.790.000;EQUIPOS DE RIEGO;;
INSUMOS  EQUIPO RIEGO   ;INSUMOS EQUIPO RIEGO   ;PULSADOR P-ROJO M21;TALLER FINCA TOLLOCHE;6.000.000;Unidades;Dolares;14.790.000;EQUIPOS DE RIEGO;;
INSUMOS  EQUIPO RIEGO   ;INSUMOS EQUIPO RIEGO   ;MICRO AUTO STOP AUTOREVERSA 1812342 M01;TALLER FINCA TOLLOCHE;0.000000;Unidades;Dolares;14.790.000;EQUIPOS DE RIEGO;;
INSUMOS  EQUIPO RIEGO   ;INSUMOS EQUIPO RIEGO   ;TERMINAL ROSCADO NARANJA - 2.5 MM  M20;TALLER FINCA TOLLOCHE;0.000000;Unidades;Dolares;14.790.000;EQUIPOS DE RIEGO;;
INSUMOS  EQUIPO RIEGO   ;INSUMOS EQUIPO RIEGO   ;ADHESIVO INSTANTANEO LOCX 4414 M67;TALLER FINCA TOLLOCHE;0.000000;Unidades;Dolares;14.790.000;EQUIPOS DE RIEGO;;
INSUMOS  EQUIPO RIEGO   ;INSUMOS EQUIPO RIEGO   ;JUNTA 485X350X5 12 AGUJEROS DE 21 MM  M55;TALLER FINCA TOLLOCHE;4.000.000;Unidades;Dolares;14.790.000;EQUIPOS DE RIEGO;;
INSUMOS  EQUIPO RIEGO   ;INSUMOS EQUIPO RIEGO   ;MANGUERA DE BAJANTE 3/4 X 75 MTS 272033 M01;TALLER FINCA TOLLOCHE;4.000.000;Unidades;Dolares;14.790.000;EQUIPOS DE RIEGO;;
INSUMOS  EQUIPO RIEGO   ;INSUMOS EQUIPO RIEGO   ;RETEN MOTOR DE BOBINA LARGA DBH 5313 M36;TALLER FINCA TOLLOCHE;22.000.000;Unidades;Dolares;14.790.000;EQUIPOS DE RIEGO;;
INSUMOS  EQUIPO RIEGO   ;INSUMOS EQUIPO RIEGO   ;CUBRE CARDAN 992715 M55;TALLER FINCA TOLLOCHE;109.000.000;Unidades;Dolares;14.790.000;EQUIPOS DE RIEGO;;
INSUMOS  EQUIPO RIEGO   ;INSUMOS EQUIPO RIEGO   ;CAÑO GALVANIZADO 2 1/2 X 6 MTS M;TALLER FINCA TOLLOCHE;5.000.000;Unidades;Dolares;14.790.000;EQUIPOS DE RIEGO;;
INSUMOS  EQUIPO RIEGO   ;INSUMOS EQUIPO RIEGO   ;"ABRAZADERA INOXIDABLE 8"" 991147 M52";TALLER FINCA TOLLOCHE;27.000.000;Unidades;Dolares;14.790.000;EQUIPOS DE RIEGO;;
INSUMOS  EQUIPO RIEGO   ;INSUMOS EQUIPO RIEGO   ;RODAMIENTO PUNTA SINFIN HM88649 M40;TALLER FINCA TOLLOCHE;5.000.000;Unidades;Dolares;14.790.000;EQUIPOS DE RIEGO;;
INSUMOS  EQUIPO RIEGO   ;INSUMOS EQUIPO RIEGO   ;BOQUILLA SENINGER N° 20  M38;TALLER FINCA TOLLOCHE;0.000000;Unidades;Dolares;14.790.000;EQUIPOS DE RIEGO;;
INSUMOS  EQUIPO RIEGO   ;INSUMOS EQUIPO RIEGO   ;BOBINADO MOTOR TORRE INTERMEDIA  M03;TALLER FINCA TOLLOCHE;0.000000;Unidades;Dolares;14.790.000;EQUIPOS DE RIEGO;;
INSUMOS  EQUIPO RIEGO   ;INSUMOS EQUIPO RIEGO   ;EQUIPO AGX RIEGO M55;TALLER FINCA TOLLOCHE;0.000000;Unidades;Dolares;14.790.000;EQUIPOS DE RIEGO;;
INSUMOS  EQUIPO RIEGO   ;INSUMOS EQUIPO RIEGO   ;FUSIBLE 30 AMP. FRS-R-30 M12;TALLER FINCA TOLLOCHE;4.000.000;Unidades;Dolares;14.790.000;EQUIPOS DE RIEGO;;
INSUMOS  EQUIPO RIEGO   ;INSUMOS EQUIPO RIEGO   ;CONECTOR MODULO GUÍA 315721 M11;TALLER FINCA TOLLOCHE;4.000.000;Unidades;Dolares;14.790.000;EQUIPOS DE RIEGO;;
INSUMOS  EQUIPO RIEGO   ;INSUMOS EQUIPO RIEGO   ;PULSADOR XB7NA31 M60;TALLER FINCA TOLLOCHE;2.000.000;Unidades;Dolares;14.790.000;EQUIPOS DE RIEGO;;
INSUMOS  EQUIPO RIEGO   ;INSUMOS EQUIPO RIEGO   ;PLAQUETA DE OSCILADOR 315585 M22;TALLER FINCA TOLLOCHE;2.000.000;Unidades;Dolares;14.790.000;EQUIPOS DE RIEGO;;
INSUMOS  EQUIPO RIEGO   ;INSUMOS EQUIPO RIEGO   ;GABINETE METALICO 300 X 450 X 225 M64;TALLER FINCA TOLLOCHE;1.000.000;Unidades;Dolares;14.790.000;EQUIPOS DE RIEGO;;
INSUMOS  EQUIPO RIEGO   ;INSUMOS EQUIPO RIEGO   ;TERMINAL ROSCADO AZUL - 2 MM  M20;TALLER FINCA TOLLOCHE;0.000000;Unidades;Dolares;14.790.000;EQUIPOS DE RIEGO;;
INSUMOS  EQUIPO RIEGO   ;INSUMOS EQUIPO RIEGO   ;ESPIGA DOBLE 3/4 M42;TALLER FINCA TOLLOCHE;0.000000;Unidades;Dolares;14.790.000;EQUIPOS DE RIEGO;;
INSUMOS  EQUIPO RIEGO   ;INSUMOS EQUIPO RIEGO   ;RETEN SAV 6061 M37;TALLER FINCA TOLLOCHE;44.000.000;Unidades;Dolares;14.790.000;EQUIPOS DE RIEGO;;
INSUMOS  EQUIPO RIEGO   ;INSUMOS EQUIPO RIEGO   ;CONTRAPESO 430031 M57;TALLER FINCA TOLLOCHE;78.000.000;Unidades;Dolares;14.790.000;EQUIPOS DE RIEGO;;
INSUMOS  EQUIPO RIEGO   ;INSUMOS EQUIPO RIEGO   ;FLOTANTE TANQUE DE COMBUSTIBLE 993382 M04;TALLER FINCA TOLLOCHE;10.000.000;Unidades;Dolares;14.790.000;EQUIPOS DE RIEGO;;
INSUMOS  EQUIPO RIEGO   ;INSUMOS EQUIPO RIEGO   ;BOQUILLA 21.5 I-WOB 430728 M42;TALLER FINCA TOLLOCHE;50.000.000;Unidades;Dolares;14.790.000;EQUIPOS DE RIEGO;;
INSUMOS  EQUIPO RIEGO   ;INSUMOS EQUIPO RIEGO   ;BOQUILLA SENINGER 19 - I-WOB 430692 M38;TALLER FINCA TOLLOCHE;34.000.000;Unidades;Dolares;14.790.000;EQUIPOS DE RIEGO;;
INSUMOS  EQUIPO RIEGO   ;INSUMOS EQUIPO RIEGO   ;REGULADOR DE CARGA SOLAR  M72;TALLER FINCA TOLLOCHE;0.000000;Unidades;Dolares;14.790.000;EQUIPOS DE RIEGO;;
INSUMOS  EQUIPO RIEGO   ;INSUMOS EQUIPO RIEGO   ;RODAMIENTO PUNTA SINFÍN HM89446 M40;TALLER FINCA TOLLOCHE;0.000000;Unidades;Dolares;14.790.000;EQUIPOS DE RIEGO;;
INSUMOS  EQUIPO RIEGO   ;INSUMOS EQUIPO RIEGO   ;"REDUCCION BRIDA 8"" 9362308   M77";TALLER FINCA TOLLOCHE;3.000.000;Unidades;Dolares;14.790.000;EQUIPOS DE RIEGO;;
INSUMOS  EQUIPO RIEGO   ;INSUMOS EQUIPO RIEGO   ;CONO-CUBETA CORONA 387A 382A SET 74 M40;TALLER FINCA TOLLOCHE;6.000.000;Unidades;Dolares;14.790.000;EQUIPOS DE RIEGO;;
INSUMOS  EQUIPO RIEGO   ;INSUMOS EQUIPO RIEGO   ;CONECTOR PLAQUETA - 6 PINES 1813161 M11;TALLER FINCA TOLLOCHE;7.000.000;Unidades;Dolares;14.790.000;EQUIPOS DE RIEGO;;
INSUMOS  EQUIPO RIEGO   ;INSUMOS EQUIPO RIEGO   ;CABLE CINTA 26 PINES 1812846 M11;TALLER FINCA TOLLOCHE;11.000.000;Unidades;Dolares;14.790.000;EQUIPOS DE RIEGO;;
INSUMOS  EQUIPO RIEGO   ;INSUMOS EQUIPO RIEGO   ;TEMPORIZADOR PENULTIMA TORRE KA01519 M10;TALLER FINCA TOLLOCHE;3.000.000;Unidades;Dolares;14.790.000;EQUIPOS DE RIEGO;;
INSUMOS  EQUIPO RIEGO   ;INSUMOS EQUIPO RIEGO   ;BOQUILLA UP3 N° 19  M38;TALLER FINCA TOLLOCHE;300.000.000;Unidades;Dolares;14.790.000;EQUIPOS DE RIEGO;;
INSUMOS  EQUIPO RIEGO   ;INSUMOS EQUIPO RIEGO   ;CONTACTOR TRIPOLAR 40 A 110 VAC M10;TALLER FINCA TOLLOCHE;1.000.000;Unidades;Dolares;14.790.000;EQUIPOS DE RIEGO;;
INSUMOS  EQUIPO RIEGO   ;INSUMOS EQUIPO RIEGO   ;CODO HH 90° 3/4 M41;TALLER FINCA TOLLOCHE;5.000.000;Unidades;Dolares;14.790.000;EQUIPOS DE RIEGO;;
INSUMOS  EQUIPO RIEGO   ;INSUMOS EQUIPO RIEGO   ;TERMINAL DE OJO AISLADO 4-6 M4 M17;TALLER FINCA TOLLOCHE;0.000000;Unidades;Dolares;14.790.000;EQUIPOS DE RIEGO;;
INSUMOS  EQUIPO RIEGO   ;INSUMOS EQUIPO RIEGO   ;TERMINAL DE OJO AISLADO 4-6 M8 M17;TALLER FINCA TOLLOCHE;6.000.000;Unidades;Dolares;14.790.000;EQUIPOS DE RIEGO;;
INSUMOS  EQUIPO RIEGO   ;INSUMOS EQUIPO RIEGO   ;POLEA DE ACERO 100MM  M04;TALLER FINCA TOLLOCHE;0.000000;Unidades;Dolares;14.790.000;EQUIPOS DE RIEGO;;
INSUMOS  EQUIPO RIEGO   ;INSUMOS EQUIPO RIEGO   ;MANOMETRO DE 0-60 PSI 232442 M23;TALLER FINCA TOLLOCHE;0.000000;Unidades;Dolares;14.790.000;EQUIPOS DE RIEGO;;
INSUMOS  EQUIPO RIEGO   ;INSUMOS EQUIPO RIEGO   ;"TORNILLO 3/8 X 1 X 1-1/4"" 161153 M28";TALLER FINCA TOLLOCHE;11.000.000;Unidades;Dolares;14.790.000;EQUIPOS DE RIEGO;;
INSUMOS  EQUIPO RIEGO   ;INSUMOS EQUIPO RIEGO   ;LLAVE ESFÉRICA 3/8 M45;TALLER FINCA TOLLOCHE;2.000.000;Unidades;Dolares;14.790.000;EQUIPOS DE RIEGO;;
INSUMOS  EQUIPO RIEGO   ;INSUMOS EQUIPO RIEGO   ;"PERNO DE CARRO 4140 - 2"" M03";TALLER FINCA TOLLOCHE;1.000.000;Unidades;Dolares;14.790.000;EQUIPOS DE RIEGO;;
INSUMOS  EQUIPO RIEGO   ;INSUMOS EQUIPO RIEGO   ;SINFÍN FABRICADO  M03;TALLER FINCA TOLLOCHE;11.000.000;Unidades;Dolares;14.790.000;EQUIPOS DE RIEGO;;
INSUMOS  EQUIPO RIEGO   ;INSUMOS EQUIPO RIEGO   ;PERILLA SELECTORA DE PORCENTAJE 03E1707 M26;TALLER FINCA TOLLOCHE;3.000.000;Unidades;Dolares;14.790.000;EQUIPOS DE RIEGO;;
INSUMOS  EQUIPO RIEGO   ;INSUMOS EQUIPO RIEGO   ;TAMBOR Y LLAVE 991370 M73;TALLER FINCA TOLLOCHE;0.000000;Unidades;Dolares;14.790.000;EQUIPOS DE RIEGO;;
INSUMOS  EQUIPO RIEGO   ;INSUMOS EQUIPO RIEGO   ;TRANSFORMADOR 380V/480V 03E1540 M17;TALLER FINCA TOLLOCHE;2.000.000;Unidades;Dolares;14.790.000;EQUIPOS DE RIEGO;;
INSUMOS  EQUIPO RIEGO   ;INSUMOS EQUIPO RIEGO   ;KIT DISIPADOR VOLTAJE KA00416 M26;TALLER FINCA TOLLOCHE;5.000.000;Unidades;Dolares;14.790.000;EQUIPOS DE RIEGO;;
INSUMOS  EQUIPO RIEGO   ;INSUMOS EQUIPO RIEGO   ;SOPORTE SY 510 M M63;TALLER FINCA TOLLOCHE;1.000.000;Unidades;Dolares;14.790.000;EQUIPOS DE RIEGO;;
INSUMOS  EQUIPO RIEGO   ;INSUMOS EQUIPO RIEGO   ;ZOCALO PORTA FUSIBLE 10 X 38 M11;TALLER FINCA TOLLOCHE;0.000000;Unidades;Dolares;14.790.000;EQUIPOS DE RIEGO;;
INSUMOS  EQUIPO RIEGO   ;INSUMOS EQUIPO RIEGO   ;PANEL SOLAR 3W IMT280 M21;TALLER FINCA TOLLOCHE;0.000000;Unidades;Dolares;14.790.000;EQUIPOS DE RIEGO;;
INSUMOS  EQUIPO RIEGO   ;INSUMOS EQUIPO RIEGO   ;"SIN FIN REDUCTOR 8"" M26";TALLER FINCA TOLLOCHE;0.000000;Unidades;Dolares;14.790.000;EQUIPOS DE RIEGO;;
INSUMOS  EQUIPO RIEGO   ;INSUMOS EQUIPO RIEGO   ;TUERCA 5/16-24 M13;TALLER FINCA TOLLOCHE;0.000000;Unidades;Dolares;14.790.000;EQUIPOS DE RIEGO;;
INSUMOS  EQUIPO RIEGO   ;INSUMOS EQUIPO RIEGO   ;PORTA FILTRO 1731504 M;TALLER FINCA TOLLOCHE;0.000000;Unidades;Dolares;14.790.000;EQUIPOS DE RIEGO;;
INSUMOS  EQUIPO RIEGO   ;INSUMOS EQUIPO RIEGO   ;"VALVULA MARIPOSA 8"" M48 - M53";TALLER FINCA TOLLOCHE;2.000.000;Unidades;Dolares;14.790.000;EQUIPOS DE RIEGO;;
INSUMOS  EQUIPO RIEGO   ;INSUMOS EQUIPO RIEGO   ;"ABRAZADERA 1"" 1/2 M25";TALLER FINCA TOLLOCHE;0.000000;Unidades;Dolares;14.790.000;EQUIPOS DE RIEGO;;
INSUMOS  EQUIPO RIEGO   ;INSUMOS EQUIPO RIEGO   ;CONTRAPESO 602040 M14-M48;TALLER FINCA TOLLOCHE;0.000000;Unidades;Dolares;14.790.000;EQUIPOS DE RIEGO;;
INSUMOS  EQUIPO RIEGO   ;INSUMOS EQUIPO RIEGO   ;RETEN 692303 M36;TALLER FINCA TOLLOCHE;20.000.000;Unidades;Dolares;14.790.000;EQUIPOS DE RIEGO;;
INSUMOS  EQUIPO RIEGO   ;INSUMOS EQUIPO RIEGO   ;SELLO LABERINTO HD 76.2  110X75X67 105X64X70  M68;TALLER FINCA TOLLOCHE;0.000000;Unidades;Dolares;14.790.000;EQUIPOS DE RIEGO;;
INSUMOS  EQUIPO RIEGO   ;INSUMOS EQUIPO RIEGO   ;FLAPETA KIT - DSHC-800 R650000-02 M60;TALLER FINCA TOLLOCHE;4.000.000;Unidades;Dolares;14.790.000;EQUIPOS DE RIEGO;;
INSUMOS  EQUIPO RIEGO   ;INSUMOS EQUIPO RIEGO   ;RETEN DE MANCHÓN 29865 - SKF/CORNELL M36;TALLER FINCA TOLLOCHE;0.000000;Unidades;Dolares;14.790.000;EQUIPOS DE RIEGO;;
INSUMOS  EQUIPO RIEGO   ;INSUMOS EQUIPO RIEGO   ;EJE BOMBA 98 X 780 - 70 X 50 X 140/CORNELL M68;TALLER FINCA TOLLOCHE;0.000000;Unidades;Dolares;14.790.000;EQUIPOS DE RIEGO;;
INSUMOS  EQUIPO RIEGO   ;INSUMOS EQUIPO RIEGO   ;EMPAQUETADURA CORNELL M61;TALLER FINCA TOLLOCHE;0.000000;Unidades;Dolares;14.790.000;EQUIPOS DE RIEGO;;
INSUMOS  EQUIPO RIEGO   ;INSUMOS EQUIPO RIEGO   ;BUJE DE BRONCE 70 X 50 X 140 M68;TALLER FINCA TOLLOCHE;0.000000;Unidades;Dolares;14.790.000;EQUIPOS DE RIEGO;;
INSUMOS  EQUIPO RIEGO   ;INSUMOS EQUIPO RIEGO   ;SELLO LABERINTO INT 63 MM X EXT 78 MM X 78 MM M68;TALLER FINCA TOLLOCHE;2.000.000;Unidades;Dolares;14.790.000;EQUIPOS DE RIEGO;;
INSUMOS  EQUIPO RIEGO   ;INSUMOS EQUIPO RIEGO   ;BUJE INT 50 MM X EXT 63 MM X LARGA 138 MM M68;TALLER FINCA TOLLOCHE;1.000.000;Unidades;Dolares;14.790.000;EQUIPOS DE RIEGO;;
INSUMOS  EQUIPO RIEGO   ;INSUMOS EQUIPO RIEGO   ;ANILLO DE BRONCE 262X304X2400  M68;TALLER FINCA TOLLOCHE;0.000000;Unidades;Dolares;14.790.000;EQUIPOS DE RIEGO;;
INSUMOS  EQUIPO RIEGO   ;INSUMOS EQUIPO RIEGO   ;EMPAQUETADURA 329029 M60;TALLER FINCA TOLLOCHE;0.000000;Unidades;Dolares;14.790.000;EQUIPOS DE RIEGO;;
INSUMOS  EQUIPO RIEGO   ;INSUMOS EQUIPO RIEGO   ;SINFIN DOBLE SALIDA 1702360 M02 - M04;TALLER FINCA TOLLOCHE;132.000.000;Unidades;Dolares;14.790.000;EQUIPOS DE RIEGO;;
INSUMOS  EQUIPO RIEGO   ;INSUMOS EQUIPO RIEGO   ;CONECTOR MODULO SEGURIDAD 315694 M11;TALLER FINCA TOLLOCHE;2.000.000;Unidades;Dolares;14.790.000;EQUIPOS DE RIEGO;;
INSUMOS  EQUIPO RIEGO   ;INSUMOS EQUIPO RIEGO   ;RELAY 3 AMP - 120V - CAJA NEGRA 314610 M73;TALLER FINCA TOLLOCHE;59.000.000;Unidades;Dolares;14.790.000;EQUIPOS DE RIEGO;;
INSUMOS  EQUIPO RIEGO   ;INSUMOS EQUIPO RIEGO   ;FUSIBLE 45 AMP FRS-R.45 M12;TALLER FINCA TOLLOCHE;34.000.000;Unidades;Dolares;14.790.000;EQUIPOS DE RIEGO;;
INSUMOS  EQUIPO RIEGO   ;INSUMOS EQUIPO RIEGO   ;MODULO OSCILADOR 03E2245 M66;TALLER FINCA TOLLOCHE;3.000.000;Unidades;Dolares;14.790.000;EQUIPOS DE RIEGO;;
INSUMOS  EQUIPO RIEGO   ;INSUMOS EQUIPO RIEGO   ;CONECTOR CABLE 314466 M20;TALLER FINCA TOLLOCHE;52.000.000;Unidades;Dolares;14.790.000;EQUIPOS DE RIEGO;;
INSUMOS  EQUIPO RIEGO   ;INSUMOS EQUIPO RIEGO   ;CABLE CINTA 20 PINES 1813249 M11;TALLER FINCA TOLLOCHE;8.000.000;Unidades;Dolares;14.790.000;EQUIPOS DE RIEGO;;
INSUMOS  EQUIPO RIEGO   ;INSUMOS EQUIPO RIEGO   ;CUBETA TAPA DE CORONA 382A M40;TALLER FINCA TOLLOCHE;11.000.000;Unidades;Dolares;14.790.000;EQUIPOS DE RIEGO;;
INSUMOS  EQUIPO RIEGO   ;INSUMOS EQUIPO RIEGO   ;FUENTE ALIMENTACION 9311087 M16;TALLER FINCA TOLLOCHE;4.000.000;Unidades;Dolares;14.790.000;EQUIPOS DE RIEGO;;
INSUMOS  EQUIPO RIEGO   ;INSUMOS EQUIPO RIEGO   ;GOMA DE TRAMPA DE AGUA 102033 M60;TALLER FINCA TOLLOCHE;0.000000;Unidades;Dolares;14.790.000;EQUIPOS DE RIEGO;;
INSUMOS  EQUIPO RIEGO   ;INSUMOS EQUIPO RIEGO   ;CORREA DE GENERADOR B-70 M71;TALLER FINCA TOLLOCHE;18.000.000;Unidades;Dolares;14.790.000;EQUIPOS DE RIEGO;;
INSUMOS  EQUIPO RIEGO   ;INSUMOS EQUIPO RIEGO   ;JUNTA MOLDEADA 6 5/8 991107 M50;TALLER FINCA TOLLOCHE;249.000.000;Unidades;Dolares;14.790.000;EQUIPOS DE RIEGO;;
INSUMOS  EQUIPO RIEGO   ;INSUMOS EQUIPO RIEGO   ;PLAQUETA DE RELAY 314830 M16;TALLER FINCA TOLLOCHE;0.000000;Unidades;Dolares;14.790.000;EQUIPOS DE RIEGO;;
INSUMOS  EQUIPO RIEGO   ;INSUMOS EQUIPO RIEGO   ;CONTACTOR DIRECCIONAL 03E1848 / CL45A311M3 M16;TALLER FINCA TOLLOCHE;2.000.000;Unidades;Dolares;14.790.000;EQUIPOS DE RIEGO;;
INSUMOS  EQUIPO RIEGO   ;INSUMOS EQUIPO RIEGO   ;CRUCETA KA01300 M32;TALLER FINCA TOLLOCHE;147.000.000;Unidades;Dolares;14.790.000;EQUIPOS DE RIEGO;;
INSUMOS  EQUIPO RIEGO   ;INSUMOS EQUIPO RIEGO   ;TEMPORIZADOR 60 MIN. 03E2033 M15;TALLER FINCA TOLLOCHE;3.000.000;Unidades;Dolares;14.790.000;EQUIPOS DE RIEGO;;
INSUMOS  EQUIPO RIEGO   ;INSUMOS EQUIPO RIEGO   ;RETEN DE MOTOR 9593 (30.17 X 50.36 X 6.35) M36;TALLER FINCA TOLLOCHE;174.000.000;Unidades;Dolares;14.790.000;EQUIPOS DE RIEGO;;
INSUMOS  EQUIPO RIEGO   ;INSUMOS EQUIPO RIEGO   ;ANTENA DE REF. Y SEG. 03E3829 M57;TALLER FINCA TOLLOCHE;7.000.000;Unidades;Dolares;14.790.000;EQUIPOS DE RIEGO;;
INSUMOS  EQUIPO RIEGO   ;INSUMOS EQUIPO RIEGO   ;RETEN DOBLE MAZA CH. 258023 256042 099175AP1-3 M35;TALLER FINCA TOLLOCHE;0.000000;Unidades;Dolares;14.790.000;EQUIPOS DE RIEGO;;
INSUMOS  EQUIPO RIEGO   ;INSUMOS EQUIPO RIEGO   ;MODULO GUIA 03E1547 M66;TALLER FINCA TOLLOCHE;5.000.000;Unidades;Dolares;14.790.000;EQUIPOS DE RIEGO;;
INSUMOS  EQUIPO RIEGO   ;INSUMOS EQUIPO RIEGO   ;ESCALA 106531 M83;TALLER FINCA TOLLOCHE;1.000.000;Unidades;Dolares;14.790.000;EQUIPOS DE RIEGO;;
INSUMOS  EQUIPO RIEGO   ;INSUMOS EQUIPO RIEGO   ;RETEN 9594 (25.4 X 40 X 7.95) M36;TALLER FINCA TOLLOCHE;78.000.000;Unidades;Dolares;14.790.000;EQUIPOS DE RIEGO;;
INSUMOS  EQUIPO RIEGO   ;INSUMOS EQUIPO RIEGO   ;CORREA DE GENERADOR B66 M71;TALLER FINCA TOLLOCHE;15.000.000;Unidades;Dolares;14.790.000;EQUIPOS DE RIEGO;;
INSUMOS  EQUIPO RIEGO   ;INSUMOS EQUIPO RIEGO   ;JUNTA MOLDEADA 8 5/8 994500 M51;TALLER FINCA TOLLOCHE;137.000.000;Unidades;Dolares;14.790.000;EQUIPOS DE RIEGO;;
INSUMOS  EQUIPO RIEGO   ;INSUMOS EQUIPO RIEGO   ;MANGO FLEXIBLE 994520 - 8 5/8 M05;TALLER FINCA TOLLOCHE;24.000.000;Unidades;Dolares;14.790.000;EQUIPOS DE RIEGO;;
INSUMOS  EQUIPO RIEGO   ;INSUMOS EQUIPO RIEGO   ;PANTALLA SOLAR 20 WATT KS20T / 0320319 M70;TALLER FINCA TOLLOCHE;1.000.000;Unidades;Dolares;14.790.000;EQUIPOS DE RIEGO;;
INSUMOS  EQUIPO RIEGO   ;INSUMOS EQUIPO RIEGO   ;CONECTOR MODULO OSCILADOR 315726 M11;TALLER FINCA TOLLOCHE;4.000.000;Unidades;Dolares;14.790.000;EQUIPOS DE RIEGO;;
INSUMOS  EQUIPO RIEGO   ;INSUMOS EQUIPO RIEGO   ;ROTULA DE LEVA 996131 M25;TALLER FINCA TOLLOCHE;95.000.000;Unidades;Dolares;14.790.000;EQUIPOS DE RIEGO;;
INSUMOS  EQUIPO RIEGO   ;INSUMOS EQUIPO RIEGO   ;REGLETA 3 FASES 315121 M27;TALLER FINCA TOLLOCHE;1.000.000;Unidades;Dolares;14.790.000;EQUIPOS DE RIEGO;;
INSUMOS  EQUIPO RIEGO   ;INSUMOS EQUIPO RIEGO   ;PULSADOR  M17;TALLER FINCA TOLLOCHE;6.000.000;Unidades;Dolares;14.790.000;EQUIPOS DE RIEGO;;
INSUMOS  EQUIPO RIEGO   ;INSUMOS EQUIPO RIEGO   ;TERMICA 5 AMP 03E1590 M27;TALLER FINCA TOLLOCHE;0.000000;Unidades;Dolares;14.790.000;EQUIPOS DE RIEGO;;
INSUMOS  EQUIPO RIEGO   ;INSUMOS EQUIPO RIEGO   ;LLAVE SELECTORA 315746 M22;TALLER FINCA TOLLOCHE;9.000.000;Unidades;Dolares;14.790.000;EQUIPOS DE RIEGO;;
INSUMOS  EQUIPO RIEGO   ;INSUMOS EQUIPO RIEGO   ;RETARDO 1 SRG. KA00415 M32;TALLER FINCA TOLLOCHE;153.000.000;Unidades;Dolares;14.790.000;EQUIPOS DE RIEGO;;
INSUMOS  EQUIPO RIEGO   ;INSUMOS EQUIPO RIEGO   ;SEGURO SEEGER 257013 M16;TALLER FINCA TOLLOCHE;56.000.000;Unidades;Dolares;14.790.000;EQUIPOS DE RIEGO;;
INSUMOS  EQUIPO RIEGO   ;INSUMOS EQUIPO RIEGO   ;EJE MOTORREDUCTOR  M03;TALLER FINCA TOLLOCHE;38.000.000;Unidades;Dolares;14.790.000;EQUIPOS DE RIEGO;;
INSUMOS  EQUIPO RIEGO   ;INSUMOS EQUIPO RIEGO   ;RETEN 03E1750 M37;TALLER FINCA TOLLOCHE;0.000000;Unidades;Dolares;14.790.000;EQUIPOS DE RIEGO;;
INSUMOS  EQUIPO RIEGO   ;INSUMOS EQUIPO RIEGO   ;VARILLA 1731232 M02;TALLER FINCA TOLLOCHE;0.000000;Unidades;Dolares;14.790.000;EQUIPOS DE RIEGO;;
INSUMOS  EQUIPO RIEGO   ;INSUMOS EQUIPO RIEGO   ;TUERCA 5/16 ACERO INOXIDABLE 131037 M62;TALLER FINCA TOLLOCHE;0.000000;Unidades;Dolares;14.790.000;EQUIPOS DE RIEGO;;
INSUMOS  EQUIPO RIEGO   ;INSUMOS EQUIPO RIEGO   ;REGLETA 3E1899 M67;TALLER FINCA TOLLOCHE;4.000.000;Unidades;Dolares;14.790.000;EQUIPOS DE RIEGO;;
INSUMOS  EQUIPO RIEGO   ;INSUMOS EQUIPO RIEGO   ;BOQUILLA N°17 601685 M67;TALLER FINCA TOLLOCHE;0.000000;Unidades;Dolares;14.790.000;EQUIPOS DE RIEGO;;
INSUMOS  EQUIPO RIEGO   ;INSUMOS EQUIPO RIEGO   ;BOQUILLA N°18 601687 M67;TALLER FINCA TOLLOCHE;0.000000;Unidades;Dolares;14.790.000;EQUIPOS DE RIEGO;;
INSUMOS  EQUIPO RIEGO   ;INSUMOS EQUIPO RIEGO   ;BOQUILLA N°19.5 601690 M67;TALLER FINCA TOLLOCHE;0.000000;Unidades;Dolares;14.790.000;EQUIPOS DE RIEGO;;
INSUMOS  EQUIPO RIEGO   ;INSUMOS EQUIPO RIEGO   ;BOQUILLA 180° 19 496190 M55;TALLER FINCA TOLLOCHE;0.000000;Unidades;Dolares;14.790.000;EQUIPOS DE RIEGO;;
INSUMOS  EQUIPO RIEGO   ;INSUMOS EQUIPO RIEGO   ;BOQUILLA 180° 20 496200 M55;TALLER FINCA TOLLOCHE;0.000000;Unidades;Dolares;14.790.000;EQUIPOS DE RIEGO;;
INSUMOS  EQUIPO RIEGO   ;INSUMOS EQUIPO RIEGO   ;MANCHON DE ACOPLE 420X160X50 M01;TALLER FINCA TOLLOCHE;9.000.000;Unidades;Dolares;14.790.000;EQUIPOS DE RIEGO;;
INSUMOS  EQUIPO RIEGO   ;INSUMOS EQUIPO RIEGO   ;BATERIA SOLAR 12 MVA-18 M72-M03;TALLER FINCA TOLLOCHE;20.000.000;Unidades;Dolares;14.790.000;EQUIPOS DE RIEGO;;
INSUMOS  EQUIPO RIEGO   ;INSUMOS EQUIPO RIEGO   ;POLEA 200 MM CON CHAVETERO M03;TALLER FINCA TOLLOCHE;0.000000;Unidades;Dolares;14.790.000;EQUIPOS DE RIEGO;;
INSUMOS  EQUIPO RIEGO   ;INSUMOS EQUIPO RIEGO   ;BOQUILLA SENINGER N° 20 M38;TALLER FINCA TOLLOCHE;3.500.000.000;Unidades;Dolares;14.790.000;EQUIPOS DE RIEGO;;
INSUMOS  EQUIPO RIEGO   ;INSUMOS EQUIPO RIEGO   ;PULSADOR P-VERDE M21;TALLER FINCA TOLLOCHE;0.000000;Unidades;Dolares;14.790.000;EQUIPOS DE RIEGO;;
INSUMOS  EQUIPO RIEGO   ;INSUMOS EQUIPO RIEGO   ;NIVEL ACODADO DE BRONCE 3/4 M60;TALLER FINCA TOLLOCHE;2.000.000;Unidades;Dolares;14.790.000;EQUIPOS DE RIEGO;;
INSUMOS  EQUIPO RIEGO   ;INSUMOS EQUIPO RIEGO   ;SELLO CHICO 30400101 M61;TALLER FINCA TOLLOCHE;0.000000;Unidades;Dolares;14.790.000;EQUIPOS DE RIEGO;;
INSUMOS  EQUIPO RIEGO   ;INSUMOS EQUIPO RIEGO   ;SOPORTE DE ANTENA DE FLOTACION 1731299 M06;TALLER FINCA TOLLOCHE;26.000.000;Unidades;Dolares;14.790.000;EQUIPOS DE RIEGO;;
INSUMOS  EQUIPO RIEGO   ;INSUMOS EQUIPO RIEGO   ;RESORTE BRAZO DE AUTOESTOP M06;TALLER FINCA TOLLOCHE;8.000.000;Unidades;Dolares;14.790.000;EQUIPOS DE RIEGO;;
INSUMOS  EQUIPO RIEGO   ;INSUMOS EQUIPO RIEGO   ;SOPORTE 1730577 M33;TALLER FINCA TOLLOCHE;17.000.000;Unidades;Dolares;14.790.000;EQUIPOS DE RIEGO;;
INSUMOS  EQUIPO RIEGO   ;INSUMOS EQUIPO RIEGO   ;GABINETE 300X300X200 M34;TALLER FINCA TOLLOCHE;3.000.000;Unidades;Dolares;14.790.000;EQUIPOS DE RIEGO;;
INSUMOS  EQUIPO RIEGO   ;INSUMOS EQUIPO RIEGO   ;CUBETA SINFIN DE MAZA HM88610 M40;TALLER FINCA TOLLOCHE;1.000.000;Unidades;Dolares;14.790.000;EQUIPOS DE RIEGO;;
INSUMOS  EQUIPO RIEGO   ;INSUMOS EQUIPO RIEGO   ;"LLAVE DE PASO 3"" M46";TALLER FINCA TOLLOCHE;1.000.000;Unidades;Dolares;14.790.000;EQUIPOS DE RIEGO;;
